# Redirects to the latest all-in-one install file with namespace replacement
/install/latest                     namespace=:namespace                    /.netlify/functions/namespace?namespace=:namespace                          200

# Redirects to the latest all-in-one install file and examples
/install/latest                     https://github.com/strimzi/strimzi-kafka-operator/releases/download/0.22.1/strimzi-cluster-operator-0.22.1.yaml     200
/examples/latest/*                  https://raw.githubusercontent.com/strimzi/strimzi-kafka-operator/0.22.1/examples/:splat                             200

# Redirects for old website URL structure
/2018/:month/:date/:slug            /blog/2018/:month/:date/:slug                                                                                       301
/2019/:month/:date/:slug            /blog/2019/:month/:date/:slug                                                                                       301
/2020/:month/:date/:slug            /blog/2020/:month/:date/:slug                                                                                       301

# Redirects for old docs structure => before new website
/docs/overview/latest/full.html     /docs/operators/latest/full/overview.html                                                                           301
/docs/quickstart/latest/full.html   /docs/operators/latest/full/quickstart.html                                                                         301
/docs/latest/full.html              /docs/operators/latest/full/using.html                                                                              301
/docs/overview/latest/              /docs/operators/latest/overview.html                                                                                301
/docs/quickstart/latest/            /docs/operators/latest/quickstart.html                                                                              301
/docs/latest/                       /docs/operators/latest/using.html                                                                                   301
/docs/overview/master/full.html     /docs/operators/developing/full/overview.html                                                                       301
/docs/quickstart/master/full.html   /docs/operators/developing/full/quickstart.html                                                                     301
/docs/master/full.html              /docs/operators/developing/full/using.html                                                                          301
/docs/overview/master/              /docs/operators/developing/overview.html                                                                            301
/docs/quickstart/master/            /docs/operators/developing/quickstart.html                                                                          301
/docs/master/                       /docs/operators/developing/using.html                                                                               301
/quickstarts/minikube               /quickstarts/                                                                                                       301

# Redirects for old docs structure => before renaming master to developing
/docs/operators/master/full/overview.html           /docs/operators/developing/full/overview.html                                                       301
/docs/operators/master/full/quickstart.html         /docs/operators/developing/full/quickstart.html                                                     301
/docs/operators/master/full/deploying.html          /docs/operators/developing/full/deploying.html                                                      301
/docs/operators/master/full/using.html              /docs/operators/developing/full/using.html                                                          301
/docs/operators/master/overview.html                /docs/operators/developing/overview.html                                                            301
/docs/operators/master/quickstart.html              /docs/operators/developing/quickstart.html                                                          301
/docs/operators/master/deploying.html               /docs/operators/developing/deploying.html                                                           301
/docs/operators/master/using.html                   /docs/operators/developing/using.html                                                               301
/docs/bridge/master/                                /docs/bridge/developing/                                                                            301
/docs/bridge/master/full.html                       /docs/bridge/developing/full/bridge.html                                                            301